BenchmarkName,State,NextState,Action,CommandLine,Reward
benchmark://poj104-v0/28_982,1900124.0 1357484.0 0.63 1605278.0 0.0 0.0 0.0 0.57 0.0 0.0 0.0 62.0 62.0 25271.0 97745.0 22069.0 690318.0 5984.0 7759.0 424863.0 328122.0 8872.0 8872.0 328176.0 1029.0 4946.0 118.0 16.0,1900124.0 1357484.0 0.63 1605278.0 0.0 0.0 0.0 0.57 0.0 0.0 0.0 62.0 62.0 25271.0 97745.0 22069.0 690318.0 5984.0 7759.0 424863.0 328122.0 8872.0 8872.0 328176.0 1029.0 4946.0 118.0 16.0,-lcssa,opt -mergefunc -dse -loop-load-elim -loop-versioning -slsr -loop-sink -rpo-functionattrs -jump-threading -hotcoldsplit -coro-early -attributor -lower-expect -loop-interchange -lcssa input.bc -o output.bc,0.0
benchmark://poj104-v0/28_982,1900124.0 1357484.0 0.63 1605278.0 0.0 0.0 0.0 0.57 0.0 0.0 0.0 62.0 62.0 25271.0 97745.0 22069.0 690318.0 5984.0 7759.0 424863.0 328122.0 8872.0 8872.0 328176.0 1029.0 4946.0 118.0 16.0,1900124.0 1357484.0 0.63 1605278.0 0.0 0.0 0.0 0.57 0.0 0.0 0.0 62.0 62.0 25271.0 97745.0 22069.0 690318.0 5984.0 7759.0 424863.0 328122.0 8872.0 8872.0 328176.0 1029.0 4946.0 118.0 16.0,-partial-inliner,opt -mergefunc -dse -loop-load-elim -loop-versioning -slsr -loop-sink -rpo-functionattrs -jump-threading -hotcoldsplit -coro-early -attributor -lower-expect -loop-interchange -lcssa -loop-interchange -partial-inliner input.bc -o output.bc,0.0
benchmark://poj104-v0/28_982,1900124.0 1357484.0 0.63 1605278.0 0.0 0.0 0.0 0.57 0.0 0.0 0.0 62.0 62.0 25271.0 97745.0 22069.0 690318.0 5984.0 7759.0 424863.0 328122.0 8872.0 8872.0 328176.0 1029.0 4946.0 118.0 16.0,1900124.0 1357484.0 0.63 1605278.0 0.0 0.0 0.0 0.57 0.0 0.0 0.0 62.0 62.0 25271.0 97745.0 22069.0 690318.0 5984.0 7759.0 424863.0 328122.0 8872.0 8872.0 328176.0 1029.0 4946.0 118.0 16.0,-infer-address-spaces,opt -mergefunc -dse -loop-load-elim -loop-versioning -slsr -loop-sink -rpo-functionattrs -jump-threading -hotcoldsplit -coro-early -attributor -lower-expect -loop-interchange -lcssa -loop-interchange -partial-inliner -infer-address-spaces input.bc -o output.bc,0.0
benchmark://poj104-v0/28_982,1900124.0 1357484.0 0.63 1605278.0 0.0 0.0 0.0 0.57 0.0 0.0 0.0 62.0 62.0 25271.0 97745.0 22069.0 690318.0 5984.0 7759.0 424863.0 328122.0 8872.0 8872.0 328176.0 1029.0 4946.0 118.0 16.0,1963677.0 1062661.0 0.55 1606042.0 0.0 0.0 0.0 0.66 0.0 0.0 0.0 62.0 62.0 26568.0 98515.0 23442.0 688682.0 13364.0 7499.0 422429.0 328329.0 8870.0 8870.0 328383.0 1177.0 5181.0 115.0 25.0,-consthoist,opt -instcombine -break-crit-edges -flattencfg -indvars -simple-loop-unswitch -lowerswitch -inferattrs -prune-eh -functionattrs -strip-nondebug -name-anon-globals -loop-idiom -inline -alignment-from-assumptions -cross-dso-cfi -strip-dead-prototypes -loop-rotate -slsr -loop-data-prefetch -constmerge -rpo-functionattrs -deadargelim -sancov -insert-gcov-profiling -ipconstprop -infer-address-spaces -loop-guard-widening -consthoist input.bc -o output.bc,0.0
benchmark://poj104-v0/28_982,1963677.0 1062661.0 0.55 1606042.0 0.0 0.0 0.0 0.66 0.0 0.0 0.0 62.0 62.0 26568.0 98515.0 23442.0 688682.0 13364.0 7499.0 422429.0 328329.0 8870.0 8870.0 328383.0 1177.0 5181.0 115.0 25.0,1963677.0 1062661.0 0.55 1606042.0 0.0 0.0 0.0 0.66 0.0 0.0 0.0 62.0 62.0 26568.0 98515.0 23442.0 688682.0 13364.0 7499.0 422429.0 328329.0 8870.0 8870.0 328383.0 1177.0 5181.0 115.0 25.0,-lower-widenable-condition,opt -instcombine -break-crit-edges -flattencfg -indvars -simple-loop-unswitch -lowerswitch -inferattrs -prune-eh -functionattrs -strip-nondebug -name-anon-globals -loop-idiom -inline -alignment-from-assumptions -cross-dso-cfi -strip-dead-prototypes -loop-rotate -slsr -loop-data-prefetch -constmerge -rpo-functionattrs -deadargelim -sancov -insert-gcov-profiling -ipconstprop -infer-address-spaces -loop-guard-widening -consthoist -lower-widenable-condition input.bc -o output.bc,0.0
benchmark://poj104-v0/28_982,1963677.0 1062661.0 0.55 1606042.0 0.0 0.0 0.0 0.66 0.0 0.0 0.0 62.0 62.0 26568.0 98515.0 23442.0 688682.0 13364.0 7499.0 422429.0 328329.0 8870.0 8870.0 328383.0 1177.0 5181.0 115.0 25.0,1949644.0 1225083.0 0.56 1606384.0 0.0 0.0 0.0 0.54 0.0 0.0 0.0 62.0 62.0 28196.0 101872.0 16787.0 690117.0 5339.0 7560.0 423990.0 328208.0 8848.0 8848.0 328262.0 1050.0 5512.0 115.0 26.0,-strip-nondebug,opt -instcombine -break-crit-edges -flattencfg -indvars -simple-loop-unswitch -lowerswitch -inferattrs -prune-eh -functionattrs -strip-nondebug -name-anon-globals -loop-idiom -inline -alignment-from-assumptions -cross-dso-cfi -strip-dead-prototypes -loop-rotate -slsr -loop-data-prefetch -constmerge -rpo-functionattrs -deadargelim -sancov -insert-gcov-profiling -ipconstprop -infer-address-spaces -loop-guard-widening -consthoist -lower-widenable-condition -consthoist -strip-nondebug input.bc -o output.bc,0.007146287296739739
benchmark://poj104-v0/28_982,1949644.0 1225083.0 0.56 1606384.0 0.0 0.0 0.0 0.54 0.0 0.0 0.0 62.0 62.0 28196.0 101872.0 16787.0 690117.0 5339.0 7560.0 423990.0 328208.0 8848.0 8848.0 328262.0 1050.0 5512.0 115.0 26.0,1949644.0 1225083.0 0.56 1606384.0 0.0 0.0 0.0 0.54 0.0 0.0 0.0 62.0 62.0 28196.0 101872.0 16787.0 690117.0 5339.0 7560.0 423990.0 328208.0 8848.0 8848.0 328262.0 1050.0 5512.0 115.0 26.0,-loop-guard-widening,opt -instcombine -break-crit-edges -flattencfg -indvars -simple-loop-unswitch -lowerswitch -inferattrs -prune-eh -functionattrs -strip-nondebug -name-anon-globals -loop-idiom -inline -alignment-from-assumptions -cross-dso-cfi -strip-dead-prototypes -loop-rotate -slsr -loop-data-prefetch -constmerge -rpo-functionattrs -deadargelim -sancov -insert-gcov-profiling -ipconstprop -infer-address-spaces -loop-guard-widening -consthoist -lower-widenable-condition -consthoist -strip-nondebug -loop-guard-widening input.bc -o output.bc,0.0
benchmark://poj104-v0/93_1559,1949644.0 1225083.0 0.56 1606384.0 0.0 0.0 0.0 0.54 0.0 0.0 0.0 62.0 62.0 28196.0 101872.0 16787.0 690117.0 5339.0 7560.0 423990.0 328208.0 8848.0 8848.0 328262.0 1050.0 5512.0 115.0 26.0,2274576.0 1246333.0 0.58 1608163.0 0.0 0.0 0.0 0.62 0.0 0.0 0.0 61.0 61.0 25944.0 98351.0 16582.0 689142.0 5009.0 7727.0 408222.0 327753.0 7007.0 7007.0 327807.0 1174.0 5201.0 114.0 19.0,-called-value-propagation,opt -speculative-execution -sancov -reassociate -post-inline-ee-instrument -reg2mem -consthoist -loop-simplify -adce -guard-widening -memcpyopt -called-value-propagation input.bc -o output.bc,0.0
benchmark://poj104-v0/93_1559,2274576.0 1246333.0 0.58 1608163.0 0.0 0.0 0.0 0.62 0.0 0.0 0.0 61.0 61.0 25944.0 98351.0 16582.0 689142.0 5009.0 7727.0 408222.0 327753.0 7007.0 7007.0 327807.0 1174.0 5201.0 114.0 19.0,2274576.0 1246333.0 0.58 1608163.0 0.0 0.0 0.0 0.62 0.0 0.0 0.0 61.0 61.0 25944.0 98351.0 16582.0 689142.0 5009.0 7727.0 408222.0 327753.0 7007.0 7007.0 327807.0 1174.0 5201.0 114.0 19.0,-rpo-functionattrs,opt -speculative-execution -sancov -reassociate -post-inline-ee-instrument -reg2mem -consthoist -loop-simplify -adce -guard-widening -memcpyopt -called-value-propagation -rpo-functionattrs input.bc -o output.bc,0.0
benchmark://poj104-v0/93_1559,2274576.0 1246333.0 0.58 1608163.0 0.0 0.0 0.0 0.62 0.0 0.0 0.0 61.0 61.0 25944.0 98351.0 16582.0 689142.0 5009.0 7727.0 408222.0 327753.0 7007.0 7007.0 327807.0 1174.0 5201.0 114.0 19.0,2274576.0 1246333.0 0.58 1608163.0 0.0 0.0 0.0 0.62 0.0 0.0 0.0 61.0 61.0 25944.0 98351.0 16582.0 689142.0 5009.0 7727.0 408222.0 327753.0 7007.0 7007.0 327807.0 1174.0 5201.0 114.0 19.0,-post-inline-ee-instrument,opt -speculative-execution -sancov -reassociate -post-inline-ee-instrument -reg2mem -consthoist -loop-simplify -adce -guard-widening -memcpyopt -called-value-propagation -rpo-functionattrs -called-value-propagation -post-inline-ee-instrument input.bc -o output.bc,0.0
benchmark://poj104-v0/93_1559,2274576.0 1246333.0 0.58 1608163.0 0.0 0.0 0.0 0.62 0.0 0.0 0.0 61.0 61.0 25944.0 98351.0 16582.0 689142.0 5009.0 7727.0 408222.0 327753.0 7007.0 7007.0 327807.0 1174.0 5201.0 114.0 19.0,2274576.0 1246333.0 0.58 1608163.0 0.0 0.0 0.0 0.62 0.0 0.0 0.0 61.0 61.0 25944.0 98351.0 16582.0 689142.0 5009.0 7727.0 408222.0 327753.0 7007.0 7007.0 327807.0 1174.0 5201.0 114.0 19.0,-constprop,opt -speculative-execution -sancov -reassociate -post-inline-ee-instrument -reg2mem -consthoist -loop-simplify -adce -guard-widening -memcpyopt -called-value-propagation -rpo-functionattrs -called-value-propagation -post-inline-ee-instrument -constprop input.bc -o output.bc,0.0
benchmark://poj104-v0/93_1559,2274576.0 1246333.0 0.58 1608163.0 0.0 0.0 0.0 0.62 0.0 0.0 0.0 61.0 61.0 25944.0 98351.0 16582.0 689142.0 5009.0 7727.0 408222.0 327753.0 7007.0 7007.0 327807.0 1174.0 5201.0 114.0 19.0,1811974.0 1426355.0 0.64 1601944.0 0.0 0.0 0.0 0.63 0.0 0.0 0.0 61.0 61.0 27385.0 121238.0 22558.0 689809.0 12861.0 7717.0 424654.0 328029.0 8837.0 8837.0 328083.0 1068.0 5151.0 117.0 14.0,-loop-interchange,opt -lower-matrix-intrinsics -constprop -partial-inliner -sroa -name-anon-globals -flattencfg -inferattrs -div-rem-pairs -irce -simplifycfg -loop-interchange input.bc -o output.bc,0.0
benchmark://poj104-v0/93_1559,1811974.0 1426355.0 0.64 1601944.0 0.0 0.0 0.0 0.63 0.0 0.0 0.0 61.0 61.0 27385.0 121238.0 22558.0 689809.0 12861.0 7717.0 424654.0 328029.0 8837.0 8837.0 328083.0 1068.0 5151.0 117.0 14.0,1811974.0 1426355.0 0.64 1601944.0 0.0 0.0 0.0 0.63 0.0 0.0 0.0 61.0 61.0 27385.0 121238.0 22558.0 689809.0 12861.0 7717.0 424654.0 328029.0 8837.0 8837.0 328083.0 1068.0 5151.0 117.0 14.0,-inline,opt -lower-matrix-intrinsics -constprop -partial-inliner -sroa -name-anon-globals -flattencfg -inferattrs -div-rem-pairs -irce -simplifycfg -loop-interchange -inline input.bc -o output.bc,0.0
benchmark://poj104-v0/93_1559,1811974.0 1426355.0 0.64 1601944.0 0.0 0.0 0.0 0.63 0.0 0.0 0.0 61.0 61.0 27385.0 121238.0 22558.0 689809.0 12861.0 7717.0 424654.0 328029.0 8837.0 8837.0 328083.0 1068.0 5151.0 117.0 14.0,1811974.0 1426355.0 0.64 1601944.0 0.0 0.0 0.0 0.63 0.0 0.0 0.0 61.0 61.0 27385.0 121238.0 22558.0 689809.0 12861.0 7717.0 424654.0 328029.0 8837.0 8837.0 328083.0 1068.0 5151.0 117.0 14.0,-loop-versioning-licm,opt -lower-matrix-intrinsics -constprop -partial-inliner -sroa -name-anon-globals -flattencfg -inferattrs -div-rem-pairs -irce -simplifycfg -loop-interchange -inline -loop-interchange -loop-versioning-licm input.bc -o output.bc,0.0
benchmark://poj104-v0/93_1559,1811974.0 1426355.0 0.64 1601944.0 0.0 0.0 0.0 0.63 0.0 0.0 0.0 61.0 61.0 27385.0 121238.0 22558.0 689809.0 12861.0 7717.0 424654.0 328029.0 8837.0 8837.0 328083.0 1068.0 5151.0 117.0 14.0,1811974.0 1426355.0 0.64 1601944.0 0.0 0.0 0.0 0.63 0.0 0.0 0.0 61.0 61.0 27385.0 121238.0 22558.0 689809.0 12861.0 7717.0 424654.0 328029.0 8837.0 8837.0 328083.0 1068.0 5151.0 117.0 14.0,-loweratomic,opt -lower-matrix-intrinsics -constprop -partial-inliner -sroa -name-anon-globals -flattencfg -inferattrs -div-rem-pairs -irce -simplifycfg -loop-interchange -inline -loop-interchange -loop-versioning-licm -loweratomic input.bc -o output.bc,0.0
benchmark://poj104-v0/53_407,1811974.0 1426355.0 0.64 1601944.0 0.0 0.0 0.0 0.63 0.0 0.0 0.0 61.0 61.0 27385.0 121238.0 22558.0 689809.0 12861.0 7717.0 424654.0 328029.0 8837.0 8837.0 328083.0 1068.0 5151.0 117.0 14.0,1846921.0 1339514.0 0.65 1804095.0 0.0 0.0 0.0 0.59 0.0 0.0 0.0 61.0 61.0 26761.0 99848.0 15570.0 785618.0 3639.0 7407.0 420425.0 375612.0 9015.0 9015.0 375666.0 1209.0 5024.0 120.0 16.0,-always-inline,opt -sccp -loop-unswitch -instcombine -indvars -insert-gcov-profiling -speculative-execution -post-inline-ee-instrument -loop-reroll -simplifycfg -partial-inliner -prune-eh -forceattrs -flattencfg -load-store-vectorizer -attributor -break-crit-edges -called-value-propagation -strip-nondebug -irce -loop-load-elim -always-inline input.bc -o output.bc,0.0
benchmark://poj104-v0/53_407,1846921.0 1339514.0 0.65 1804095.0 0.0 0.0 0.0 0.59 0.0 0.0 0.0 61.0 61.0 26761.0 99848.0 15570.0 785618.0 3639.0 7407.0 420425.0 375612.0 9015.0 9015.0 375666.0 1209.0 5024.0 120.0 16.0,1846921.0 1339514.0 0.65 1804095.0 0.0 0.0 0.0 0.59 0.0 0.0 0.0 61.0 61.0 26761.0 99848.0 15570.0 785618.0 3639.0 7407.0 420425.0 375612.0 9015.0 9015.0 375666.0 1209.0 5024.0 120.0 16.0,-loop-unroll,opt -sccp -loop-unswitch -instcombine -indvars -insert-gcov-profiling -speculative-execution -post-inline-ee-instrument -loop-reroll -simplifycfg -partial-inliner -prune-eh -forceattrs -flattencfg -load-store-vectorizer -attributor -break-crit-edges -called-value-propagation -strip-nondebug -irce -loop-load-elim -always-inline -loop-unroll input.bc -o output.bc,0.0
benchmark://poj104-v0/53_407,1846921.0 1339514.0 0.65 1804095.0 0.0 0.0 0.0 0.59 0.0 0.0 0.0 61.0 61.0 26761.0 99848.0 15570.0 785618.0 3639.0 7407.0 420425.0 375612.0 9015.0 9015.0 375666.0 1209.0 5024.0 120.0 16.0,1846921.0 1339514.0 0.65 1804095.0 0.0 0.0 0.0 0.59 0.0 0.0 0.0 61.0 61.0 26761.0 99848.0 15570.0 785618.0 3639.0 7407.0 420425.0 375612.0 9015.0 9015.0 375666.0 1209.0 5024.0 120.0 16.0,-gvn-hoist,opt -sccp -loop-unswitch -instcombine -indvars -insert-gcov-profiling -speculative-execution -post-inline-ee-instrument -loop-reroll -simplifycfg -partial-inliner -prune-eh -forceattrs -flattencfg -load-store-vectorizer -attributor -break-crit-edges -called-value-propagation -strip-nondebug -irce -loop-load-elim -always-inline -loop-unroll -always-inline -gvn-hoist input.bc -o output.bc,0.0
benchmark://poj104-v0/53_407,1846921.0 1339514.0 0.65 1804095.0 0.0 0.0 0.0 0.59 0.0 0.0 0.0 61.0 61.0 26761.0 99848.0 15570.0 785618.0 3639.0 7407.0 420425.0 375612.0 9015.0 9015.0 375666.0 1209.0 5024.0 120.0 16.0,1846921.0 1339514.0 0.65 1804095.0 0.0 0.0 0.0 0.59 0.0 0.0 0.0 61.0 61.0 26761.0 99848.0 15570.0 785618.0 3639.0 7407.0 420425.0 375612.0 9015.0 9015.0 375666.0 1209.0 5024.0 120.0 16.0,-slp-vectorizer,opt -sccp -loop-unswitch -instcombine -indvars -insert-gcov-profiling -speculative-execution -post-inline-ee-instrument -loop-reroll -simplifycfg -partial-inliner -prune-eh -forceattrs -flattencfg -load-store-vectorizer -attributor -break-crit-edges -called-value-propagation -strip-nondebug -irce -loop-load-elim -always-inline -loop-unroll -always-inline -gvn-hoist -slp-vectorizer input.bc -o output.bc,0.0
benchmark://poj104-v0/53_407,1846921.0 1339514.0 0.65 1804095.0 0.0 0.0 0.0 0.59 0.0 0.0 0.0 61.0 61.0 26761.0 99848.0 15570.0 785618.0 3639.0 7407.0 420425.0 375612.0 9015.0 9015.0 375666.0 1209.0 5024.0 120.0 16.0,2237722.0 1265133.0 0.73 1805477.0 0.0 0.0 0.0 0.67 0.0 0.0 0.0 61.0 61.0 26468.0 98893.0 17423.0 785277.0 5329.0 7381.0 415489.0 371494.0 8585.0 8585.0 371548.0 1168.0 4980.0 122.0 20.0,-callsite-splitting,opt -coro-cleanup -scalarizer -dse -flattencfg -elim-avail-extern -loop-guard-widening -loop-instsimplify -dce -attributor -constmerge -early-cse -globaldce -loop-versioning-licm -loop-data-prefetch -instcombine -adce -callsite-splitting -instnamer -add-discriminators -ipconstprop -callsite-splitting input.bc -o output.bc,0.0
benchmark://poj104-v0/53_407,2237722.0 1265133.0 0.73 1805477.0 0.0 0.0 0.0 0.67 0.0 0.0 0.0 61.0 61.0 26468.0 98893.0 17423.0 785277.0 5329.0 7381.0 415489.0 371494.0 8585.0 8585.0 371548.0 1168.0 4980.0 122.0 20.0,2237722.0 1265133.0 0.73 1805477.0 0.0 0.0 0.0 0.67 0.0 0.0 0.0 61.0 61.0 26468.0 98893.0 17423.0 785277.0 5329.0 7381.0 415489.0 371494.0 8585.0 8585.0 371548.0 1168.0 4980.0 122.0 20.0,-loop-versioning-licm,opt -coro-cleanup -scalarizer -dse -flattencfg -elim-avail-extern -loop-guard-widening -loop-instsimplify -dce -attributor -constmerge -early-cse -globaldce -loop-versioning-licm -loop-data-prefetch -instcombine -adce -callsite-splitting -instnamer -add-discriminators -ipconstprop -callsite-splitting -loop-versioning-licm input.bc -o output.bc,0.0
benchmark://poj104-v0/53_407,2237722.0 1265133.0 0.73 1805477.0 0.0 0.0 0.0 0.67 0.0 0.0 0.0 61.0 61.0 26468.0 98893.0 17423.0 785277.0 5329.0 7381.0 415489.0 371494.0 8585.0 8585.0 371548.0 1168.0 4980.0 122.0 20.0,2237722.0 1265133.0 0.73 1805477.0 0.0 0.0 0.0 0.67 0.0 0.0 0.0 61.0 61.0 26468.0 98893.0 17423.0 785277.0 5329.0 7381.0 415489.0 371494.0 8585.0 8585.0 371548.0 1168.0 4980.0 122.0 20.0,-loop-vectorize,opt -coro-cleanup -scalarizer -dse -flattencfg -elim-avail-extern -loop-guard-widening -loop-instsimplify -dce -attributor -constmerge -early-cse -globaldce -loop-versioning-licm -loop-data-prefetch -instcombine -adce -callsite-splitting -instnamer -add-discriminators -ipconstprop -callsite-splitting -loop-versioning-licm -callsite-splitting -loop-vectorize input.bc -o output.bc,0.0
benchmark://poj104-v0/53_407,2237722.0 1265133.0 0.73 1805477.0 0.0 0.0 0.0 0.67 0.0 0.0 0.0 61.0 61.0 26468.0 98893.0 17423.0 785277.0 5329.0 7381.0 415489.0 371494.0 8585.0 8585.0 371548.0 1168.0 4980.0 122.0 20.0,2237722.0 1265133.0 0.73 1805477.0 0.0 0.0 0.0 0.67 0.0 0.0 0.0 61.0 61.0 26468.0 98893.0 17423.0 785277.0 5329.0 7381.0 415489.0 371494.0 8585.0 8585.0 371548.0 1168.0 4980.0 122.0 20.0,-pgo-memop-opt,opt -coro-cleanup -scalarizer -dse -flattencfg -elim-avail-extern -loop-guard-widening -loop-instsimplify -dce -attributor -constmerge -early-cse -globaldce -loop-versioning-licm -loop-data-prefetch -instcombine -adce -callsite-splitting -instnamer -add-discriminators -ipconstprop -callsite-splitting -loop-versioning-licm -callsite-splitting -loop-vectorize -pgo-memop-opt input.bc -o output.bc,0.0
benchmark://poj104-v0/91_507,2237722.0 1265133.0 0.73 1805477.0 0.0 0.0 0.0 0.67 0.0 0.0 0.0 61.0 61.0 26468.0 98893.0 17423.0 785277.0 5329.0 7381.0 415489.0 371494.0 8585.0 8585.0 371548.0 1168.0 4980.0 122.0 20.0,1729579.0 1133431.0 0.55 1573665.0 0.0 0.0 0.0 0.61 0.0 0.0 0.0 58.0 58.0 26154.0 118065.0 16305.0 684446.0 5122.0 7762.0 419538.0 321259.0 8799.0 8799.0 321313.0 996.0 5454.0 107.0 22.0,-deadargelim,opt -separate-const-offset-from-gep -loop-rotate -loop-interchange -sroa -aggressive-instcombine -ipsccp -loop-instsimplify -loop-sink -newgvn -loop-vectorize -callsite-splitting -coro-elide -loop-data-prefetch -strip-debug-declare -memcpyopt -inferattrs -float2int -deadargelim -prune-eh -deadargelim input.bc -o output.bc,0.0
benchmark://poj104-v0/91_507,1729579.0 1133431.0 0.55 1573665.0 0.0 0.0 0.0 0.61 0.0 0.0 0.0 58.0 58.0 26154.0 118065.0 16305.0 684446.0 5122.0 7762.0 419538.0 321259.0 8799.0 8799.0 321313.0 996.0 5454.0 107.0 22.0,1729579.0 1133431.0 0.55 1573665.0 0.0 0.0 0.0 0.61 0.0 0.0 0.0 58.0 58.0 26154.0 118065.0 16305.0 684446.0 5122.0 7762.0 419538.0 321259.0 8799.0 8799.0 321313.0 996.0 5454.0 107.0 22.0,-redundant-dbg-inst-elim,opt -separate-const-offset-from-gep -loop-rotate -loop-interchange -sroa -aggressive-instcombine -ipsccp -loop-instsimplify -loop-sink -newgvn -loop-vectorize -callsite-splitting -coro-elide -loop-data-prefetch -strip-debug-declare -memcpyopt -inferattrs -float2int -deadargelim -prune-eh -deadargelim -redundant-dbg-inst-elim input.bc -o output.bc,0.0
benchmark://poj104-v0/91_507,1729579.0 1133431.0 0.55 1573665.0 0.0 0.0 0.0 0.61 0.0 0.0 0.0 58.0 58.0 26154.0 118065.0 16305.0 684446.0 5122.0 7762.0 419538.0 321259.0 8799.0 8799.0 321313.0 996.0 5454.0 107.0 22.0,1729579.0 1133431.0 0.55 1573665.0 0.0 0.0 0.0 0.61 0.0 0.0 0.0 58.0 58.0 26154.0 118065.0 16305.0 684446.0 5122.0 7762.0 419538.0 321259.0 8799.0 8799.0 321313.0 996.0 5454.0 107.0 22.0,-inferattrs,opt -separate-const-offset-from-gep -loop-rotate -loop-interchange -sroa -aggressive-instcombine -ipsccp -loop-instsimplify -loop-sink -newgvn -loop-vectorize -callsite-splitting -coro-elide -loop-data-prefetch -strip-debug-declare -memcpyopt -inferattrs -float2int -deadargelim -prune-eh -deadargelim -redundant-dbg-inst-elim -deadargelim -inferattrs input.bc -o output.bc,0.0
benchmark://poj104-v0/91_507,1729579.0 1133431.0 0.55 1573665.0 0.0 0.0 0.0 0.61 0.0 0.0 0.0 58.0 58.0 26154.0 118065.0 16305.0 684446.0 5122.0 7762.0 419538.0 321259.0 8799.0 8799.0 321313.0 996.0 5454.0 107.0 22.0,1729579.0 1133431.0 0.55 1573665.0 0.0 0.0 0.0 0.61 0.0 0.0 0.0 58.0 58.0 26154.0 118065.0 16305.0 684446.0 5122.0 7762.0 419538.0 321259.0 8799.0 8799.0 321313.0 996.0 5454.0 107.0 22.0,-name-anon-globals,opt -separate-const-offset-from-gep -loop-rotate -loop-interchange -sroa -aggressive-instcombine -ipsccp -loop-instsimplify -loop-sink -newgvn -loop-vectorize -callsite-splitting -coro-elide -loop-data-prefetch -strip-debug-declare -memcpyopt -inferattrs -float2int -deadargelim -prune-eh -deadargelim -redundant-dbg-inst-elim -deadargelim -inferattrs -name-anon-globals input.bc -o output.bc,0.0
benchmark://poj104-v0/91_507,1729579.0 1133431.0 0.55 1573665.0 0.0 0.0 0.0 0.61 0.0 0.0 0.0 58.0 58.0 26154.0 118065.0 16305.0 684446.0 5122.0 7762.0 419538.0 321259.0 8799.0 8799.0 321313.0 996.0 5454.0 107.0 22.0,2038613.0 1150592.0 0.56 1576235.0 0.0 0.0 0.0 0.59 0.0 0.0 0.0 58.0 58.0 25071.0 94950.0 22723.0 676353.0 13339.0 7301.0 411928.0 321336.0 8122.0 8122.0 321390.0 1079.0 4686.0 109.0 10.0,-loop-predication,opt -reassociate -lower-widenable-condition -functionattrs -float2int -tailcallelim -bdce -sccp -post-inline-ee-instrument -scalarizer -loop-deletion -globalopt -adce -coro-cleanup -licm -barrier -loop-unswitch -loop-instsimplify -loop-guard-widening -loop-simplify -redundant-dbg-inst-elim -gvn-hoist -lower-guard-intrinsic -div-rem-pairs -insert-gcov-profiling -globaldce -die -instnamer -loop-versioning -loop-predication input.bc -o output.bc,0.0
benchmark://poj104-v0/91_507,2038613.0 1150592.0 0.56 1576235.0 0.0 0.0 0.0 0.59 0.0 0.0 0.0 58.0 58.0 25071.0 94950.0 22723.0 676353.0 13339.0 7301.0 411928.0 321336.0 8122.0 8122.0 321390.0 1079.0 4686.0 109.0 10.0,2038613.0 1150592.0 0.56 1576235.0 0.0 0.0 0.0 0.59 0.0 0.0 0.0 58.0 58.0 25071.0 94950.0 22723.0 676353.0 13339.0 7301.0 411928.0 321336.0 8122.0 8122.0 321390.0 1079.0 4686.0 109.0 10.0,-loop-data-prefetch,opt -reassociate -lower-widenable-condition -functionattrs -float2int -tailcallelim -bdce -sccp -post-inline-ee-instrument -scalarizer -loop-deletion -globalopt -adce -coro-cleanup -licm -barrier -loop-unswitch -loop-instsimplify -loop-guard-widening -loop-simplify -redundant-dbg-inst-elim -gvn-hoist -lower-guard-intrinsic -div-rem-pairs -insert-gcov-profiling -globaldce -die -instnamer -loop-versioning -loop-predication -loop-data-prefetch input.bc -o output.bc,0.0
benchmark://poj104-v0/91_507,2038613.0 1150592.0 0.56 1576235.0 0.0 0.0 0.0 0.59 0.0 0.0 0.0 58.0 58.0 25071.0 94950.0 22723.0 676353.0 13339.0 7301.0 411928.0 321336.0 8122.0 8122.0 321390.0 1079.0 4686.0 109.0 10.0,2038613.0 1150592.0 0.56 1576235.0 0.0 0.0 0.0 0.59 0.0 0.0 0.0 58.0 58.0 25071.0 94950.0 22723.0 676353.0 13339.0 7301.0 411928.0 321336.0 8122.0 8122.0 321390.0 1079.0 4686.0 109.0 10.0,-pgo-memop-opt,opt -reassociate -lower-widenable-condition -functionattrs -float2int -tailcallelim -bdce -sccp -post-inline-ee-instrument -scalarizer -loop-deletion -globalopt -adce -coro-cleanup -licm -barrier -loop-unswitch -loop-instsimplify -loop-guard-widening -loop-simplify -redundant-dbg-inst-elim -gvn-hoist -lower-guard-intrinsic -div-rem-pairs -insert-gcov-profiling -globaldce -die -instnamer -loop-versioning -loop-predication -loop-data-prefetch -loop-predication -pgo-memop-opt input.bc -o output.bc,0.0
benchmark://poj104-v0/91_507,2038613.0 1150592.0 0.56 1576235.0 0.0 0.0 0.0 0.59 0.0 0.0 0.0 58.0 58.0 25071.0 94950.0 22723.0 676353.0 13339.0 7301.0 411928.0 321336.0 8122.0 8122.0 321390.0 1079.0 4686.0 109.0 10.0,2038613.0 1150592.0 0.56 1576235.0 0.0 0.0 0.0 0.59 0.0 0.0 0.0 58.0 58.0 25071.0 94950.0 22723.0 676353.0 13339.0 7301.0 411928.0 321336.0 8122.0 8122.0 321390.0 1079.0 4686.0 109.0 10.0,-loop-fusion,opt -reassociate -lower-widenable-condition -functionattrs -float2int -tailcallelim -bdce -sccp -post-inline-ee-instrument -scalarizer -loop-deletion -globalopt -adce -coro-cleanup -licm -barrier -loop-unswitch -loop-instsimplify -loop-guard-widening -loop-simplify -redundant-dbg-inst-elim -gvn-hoist -lower-guard-intrinsic -div-rem-pairs -insert-gcov-profiling -globaldce -die -instnamer -loop-versioning -loop-predication -loop-data-prefetch -loop-predication -pgo-memop-opt -loop-fusion input.bc -o output.bc,0.0
benchmark://poj104-v0/5_1162,2038613.0 1150592.0 0.56 1576235.0 0.0 0.0 0.0 0.59 0.0 0.0 0.0 58.0 58.0 25071.0 94950.0 22723.0 676353.0 13339.0 7301.0 411928.0 321336.0 8122.0 8122.0 321390.0 1079.0 4686.0 109.0 10.0,2566456.0 1234122.0 0.65 1604448.0 0.0 0.0 0.0 0.55 0.0 0.0 0.0 61.0 61.0 27689.0 115025.0 24414.0 685533.0 14347.0 6960.0 419127.0 329541.0 9181.0 9181.0 329595.0 1196.0 5126.0 130.0 26.0,-loop-simplify,opt -forceattrs -coro-cleanup -loop-distribute -post-inline-ee-instrument -sccp -loop-data-prefetch -loop-simplifycfg -always-inline -partially-inline-libcalls -lower-matrix-intrinsics -newgvn -separate-const-offset-from-gep -simple-loop-unswitch -hotcoldsplit -div-rem-pairs -instnamer -loop-simplify -sroa -slsr -infer-address-spaces -add-discriminators -prune-eh -indvars -lowerinvoke -flattencfg -strip -insert-gcov-profiling -instsimplify -loop-simplify input.bc -o output.bc,0.0
benchmark://poj104-v0/5_1162,2566456.0 1234122.0 0.65 1604448.0 0.0 0.0 0.0 0.55 0.0 0.0 0.0 61.0 61.0 27689.0 115025.0 24414.0 685533.0 14347.0 6960.0 419127.0 329541.0 9181.0 9181.0 329595.0 1196.0 5126.0 130.0 26.0,2566456.0 1234122.0 0.65 1604448.0 0.0 0.0 0.0 0.55 0.0 0.0 0.0 61.0 61.0 27689.0 115025.0 24414.0 685533.0 14347.0 6960.0 419127.0 329541.0 9181.0 9181.0 329595.0 1196.0 5126.0 130.0 26.0,-flattencfg,opt -forceattrs -coro-cleanup -loop-distribute -post-inline-ee-instrument -sccp -loop-data-prefetch -loop-simplifycfg -always-inline -partially-inline-libcalls -lower-matrix-intrinsics -newgvn -separate-const-offset-from-gep -simple-loop-unswitch -hotcoldsplit -div-rem-pairs -instnamer -loop-simplify -sroa -slsr -infer-address-spaces -add-discriminators -prune-eh -indvars -lowerinvoke -flattencfg -strip -insert-gcov-profiling -instsimplify -loop-simplify -flattencfg input.bc -o output.bc,0.0
benchmark://poj104-v0/5_1162,2566456.0 1234122.0 0.65 1604448.0 0.0 0.0 0.0 0.55 0.0 0.0 0.0 61.0 61.0 27689.0 115025.0 24414.0 685533.0 14347.0 6960.0 419127.0 329541.0 9181.0 9181.0 329595.0 1196.0 5126.0 130.0 26.0,2566456.0 1234122.0 0.65 1604448.0 0.0 0.0 0.0 0.55 0.0 0.0 0.0 61.0 61.0 27689.0 115025.0 24414.0 685533.0 14347.0 6960.0 419127.0 329541.0 9181.0 9181.0 329595.0 1196.0 5126.0 130.0 26.0,-globaldce,opt -forceattrs -coro-cleanup -loop-distribute -post-inline-ee-instrument -sccp -loop-data-prefetch -loop-simplifycfg -always-inline -partially-inline-libcalls -lower-matrix-intrinsics -newgvn -separate-const-offset-from-gep -simple-loop-unswitch -hotcoldsplit -div-rem-pairs -instnamer -loop-simplify -sroa -slsr -infer-address-spaces -add-discriminators -prune-eh -indvars -lowerinvoke -flattencfg -strip -insert-gcov-profiling -instsimplify -loop-simplify -flattencfg -loop-simplify -globaldce input.bc -o output.bc,0.0
benchmark://poj104-v0/5_1162,2566456.0 1234122.0 0.65 1604448.0 0.0 0.0 0.0 0.55 0.0 0.0 0.0 61.0 61.0 27689.0 115025.0 24414.0 685533.0 14347.0 6960.0 419127.0 329541.0 9181.0 9181.0 329595.0 1196.0 5126.0 130.0 26.0,2566456.0 1234122.0 0.65 1604448.0 0.0 0.0 0.0 0.55 0.0 0.0 0.0 61.0 61.0 27689.0 115025.0 24414.0 685533.0 14347.0 6960.0 419127.0 329541.0 9181.0 9181.0 329595.0 1196.0 5126.0 130.0 26.0,-globalsplit,opt -forceattrs -coro-cleanup -loop-distribute -post-inline-ee-instrument -sccp -loop-data-prefetch -loop-simplifycfg -always-inline -partially-inline-libcalls -lower-matrix-intrinsics -newgvn -separate-const-offset-from-gep -simple-loop-unswitch -hotcoldsplit -div-rem-pairs -instnamer -loop-simplify -sroa -slsr -infer-address-spaces -add-discriminators -prune-eh -indvars -lowerinvoke -flattencfg -strip -insert-gcov-profiling -instsimplify -loop-simplify -flattencfg -loop-simplify -globaldce -globalsplit input.bc -o output.bc,0.0
benchmark://poj104-v0/5_1162,2566456.0 1234122.0 0.65 1604448.0 0.0 0.0 0.0 0.55 0.0 0.0 0.0 61.0 61.0 27689.0 115025.0 24414.0 685533.0 14347.0 6960.0 419127.0 329541.0 9181.0 9181.0 329595.0 1196.0 5126.0 130.0 26.0,2293968.0 1190852.0 0.63 1606234.0 0.0 0.0 0.0 0.66 0.0 0.0 0.0 61.0 61.0 26181.0 101123.0 16562.0 692161.0 4840.0 7532.0 415285.0 329240.0 8814.0 8814.0 329294.0 1179.0 5125.0 132.0 28.0,-loop-unswitch,opt -scalarizer -post-inline-ee-instrument -sroa -loop-versioning-licm -canonicalize-aliases -reg2mem -guard-widening -tailcallelim -inferattrs -simplifycfg -loop-unswitch input.bc -o output.bc,0.0
benchmark://poj104-v0/5_1162,2293968.0 1190852.0 0.63 1606234.0 0.0 0.0 0.0 0.66 0.0 0.0 0.0 61.0 61.0 26181.0 101123.0 16562.0 692161.0 4840.0 7532.0 415285.0 329240.0 8814.0 8814.0 329294.0 1179.0 5125.0 132.0 28.0,2293968.0 1190852.0 0.63 1606234.0 0.0 0.0 0.0 0.66 0.0 0.0 0.0 61.0 61.0 26181.0 101123.0 16562.0 692161.0 4840.0 7532.0 415285.0 329240.0 8814.0 8814.0 329294.0 1179.0 5125.0 132.0 28.0,-globaldce,opt -scalarizer -post-inline-ee-instrument -sroa -loop-versioning-licm -canonicalize-aliases -reg2mem -guard-widening -tailcallelim -inferattrs -simplifycfg -loop-unswitch -globaldce input.bc -o output.bc,0.0
benchmark://poj104-v0/5_1162,2293968.0 1190852.0 0.63 1606234.0 0.0 0.0 0.0 0.66 0.0 0.0 0.0 61.0 61.0 26181.0 101123.0 16562.0 692161.0 4840.0 7532.0 415285.0 329240.0 8814.0 8814.0 329294.0 1179.0 5125.0 132.0 28.0,2293968.0 1190852.0 0.63 1606234.0 0.0 0.0 0.0 0.66 0.0 0.0 0.0 61.0 61.0 26181.0 101123.0 16562.0 692161.0 4840.0 7532.0 415285.0 329240.0 8814.0 8814.0 329294.0 1179.0 5125.0 132.0 28.0,-early-cse-memssa,opt -scalarizer -post-inline-ee-instrument -sroa -loop-versioning-licm -canonicalize-aliases -reg2mem -guard-widening -tailcallelim -inferattrs -simplifycfg -loop-unswitch -globaldce -loop-unswitch -early-cse-memssa input.bc -o output.bc,0.0
benchmark://poj104-v0/5_1162,2293968.0 1190852.0 0.63 1606234.0 0.0 0.0 0.0 0.66 0.0 0.0 0.0 61.0 61.0 26181.0 101123.0 16562.0 692161.0 4840.0 7532.0 415285.0 329240.0 8814.0 8814.0 329294.0 1179.0 5125.0 132.0 28.0,2293968.0 1190852.0 0.63 1606234.0 0.0 0.0 0.0 0.66 0.0 0.0 0.0 61.0 61.0 26181.0 101123.0 16562.0 692161.0 4840.0 7532.0 415285.0 329240.0 8814.0 8814.0 329294.0 1179.0 5125.0 132.0 28.0,-strip-debug-declare,opt -scalarizer -post-inline-ee-instrument -sroa -loop-versioning-licm -canonicalize-aliases -reg2mem -guard-widening -tailcallelim -inferattrs -simplifycfg -loop-unswitch -globaldce -loop-unswitch -early-cse-memssa -strip-debug-declare input.bc -o output.bc,0.0
benchmark://poj104-v0/29_1250,2293968.0 1190852.0 0.63 1606234.0 0.0 0.0 0.0 0.66 0.0 0.0 0.0 61.0 61.0 26181.0 101123.0 16562.0 692161.0 4840.0 7532.0 415285.0 329240.0 8814.0 8814.0 329294.0 1179.0 5125.0 132.0 28.0,1848283.0 1222013.0 0.62 2093230.0 0.0 0.0 0.0 0.7 0.0 0.0 0.0 65.0 65.0 26757.0 98651.0 17191.0 911119.0 5780.0 7419.0 456694.0 398624.0 9045.0 9045.0 398678.0 1138.0 5226.0 133.0 29.0,-cross-dso-cfi,opt -dse -sccp -die -strip-nondebug -called-value-propagation -functionattrs -hotcoldsplit -jump-threading -forceattrs -cross-dso-cfi input.bc -o output.bc,0.0
benchmark://poj104-v0/29_1250,1848283.0 1222013.0 0.62 2093230.0 0.0 0.0 0.0 0.7 0.0 0.0 0.0 65.0 65.0 26757.0 98651.0 17191.0 911119.0 5780.0 7419.0 456694.0 398624.0 9045.0 9045.0 398678.0 1138.0 5226.0 133.0 29.0,1848283.0 1222013.0 0.62 2093230.0 0.0 0.0 0.0 0.7 0.0 0.0 0.0 65.0 65.0 26757.0 98651.0 17191.0 911119.0 5780.0 7419.0 456694.0 398624.0 9045.0 9045.0 398678.0 1138.0 5226.0 133.0 29.0,-nary-reassociate,opt -dse -sccp -die -strip-nondebug -called-value-propagation -functionattrs -hotcoldsplit -jump-threading -forceattrs -cross-dso-cfi -nary-reassociate input.bc -o output.bc,0.0
benchmark://poj104-v0/29_1250,1848283.0 1222013.0 0.62 2093230.0 0.0 0.0 0.0 0.7 0.0 0.0 0.0 65.0 65.0 26757.0 98651.0 17191.0 911119.0 5780.0 7419.0 456694.0 398624.0 9045.0 9045.0 398678.0 1138.0 5226.0 133.0 29.0,1848283.0 1222013.0 0.62 2093230.0 0.0 0.0 0.0 0.7 0.0 0.0 0.0 65.0 65.0 26757.0 98651.0 17191.0 911119.0 5780.0 7419.0 456694.0 398624.0 9045.0 9045.0 398678.0 1138.0 5226.0 133.0 29.0,-constprop,opt -dse -sccp -die -strip-nondebug -called-value-propagation -functionattrs -hotcoldsplit -jump-threading -forceattrs -cross-dso-cfi -nary-reassociate -cross-dso-cfi -constprop input.bc -o output.bc,0.0
benchmark://poj104-v0/29_1250,1848283.0 1222013.0 0.62 2093230.0 0.0 0.0 0.0 0.7 0.0 0.0 0.0 65.0 65.0 26757.0 98651.0 17191.0 911119.0 5780.0 7419.0 456694.0 398624.0 9045.0 9045.0 398678.0 1138.0 5226.0 133.0 29.0,1848283.0 1222013.0 0.62 2093230.0 0.0 0.0 0.0 0.7 0.0 0.0 0.0 65.0 65.0 26757.0 98651.0 17191.0 911119.0 5780.0 7419.0 456694.0 398624.0 9045.0 9045.0 398678.0 1138.0 5226.0 133.0 29.0,-simplifycfg,opt -dse -sccp -die -strip-nondebug -called-value-propagation -functionattrs -hotcoldsplit -jump-threading -forceattrs -cross-dso-cfi -nary-reassociate -cross-dso-cfi -constprop -simplifycfg input.bc -o output.bc,0.0
benchmark://poj104-v0/29_1250,1848283.0 1222013.0 0.62 2093230.0 0.0 0.0 0.0 0.7 0.0 0.0 0.0 65.0 65.0 26757.0 98651.0 17191.0 911119.0 5780.0 7419.0 456694.0 398624.0 9045.0 9045.0 398678.0 1138.0 5226.0 133.0 29.0,2876135.0 1290684.0 0.74 2092163.0 0.0 0.0 0.0 0.68 0.0 0.0 0.0 65.0 65.0 30051.0 124838.0 19077.0 919373.0 5595.0 7824.0 473469.0 399484.0 9204.0 9204.0 399538.0 1189.0 5187.0 129.0 37.0,-loop-simplify,opt -simple-loop-unswitch -constprop -loop-data-prefetch -loop-reroll -post-inline-ee-instrument -lower-guard-intrinsic -alignment-from-assumptions -globaldce -globalsplit -float2int -dce -nary-reassociate -instnamer -mergereturn -called-value-propagation -forceattrs -loop-deletion -bdce -gvn -loop-simplify input.bc -o output.bc,0.0
benchmark://poj104-v0/29_1250,2876135.0 1290684.0 0.74 2092163.0 0.0 0.0 0.0 0.68 0.0 0.0 0.0 65.0 65.0 30051.0 124838.0 19077.0 919373.0 5595.0 7824.0 473469.0 399484.0 9204.0 9204.0 399538.0 1189.0 5187.0 129.0 37.0,2876135.0 1290684.0 0.74 2092163.0 0.0 0.0 0.0 0.68 0.0 0.0 0.0 65.0 65.0 30051.0 124838.0 19077.0 919373.0 5595.0 7824.0 473469.0 399484.0 9204.0 9204.0 399538.0 1189.0 5187.0 129.0 37.0,-loop-data-prefetch,opt -simple-loop-unswitch -constprop -loop-data-prefetch -loop-reroll -post-inline-ee-instrument -lower-guard-intrinsic -alignment-from-assumptions -globaldce -globalsplit -float2int -dce -nary-reassociate -instnamer -mergereturn -called-value-propagation -forceattrs -loop-deletion -bdce -gvn -loop-simplify -loop-data-prefetch input.bc -o output.bc,0.0
benchmark://poj104-v0/29_1250,2876135.0 1290684.0 0.74 2092163.0 0.0 0.0 0.0 0.68 0.0 0.0 0.0 65.0 65.0 30051.0 124838.0 19077.0 919373.0 5595.0 7824.0 473469.0 399484.0 9204.0 9204.0 399538.0 1189.0 5187.0 129.0 37.0,2876135.0 1290684.0 0.74 2092163.0 0.0 0.0 0.0 0.68 0.0 0.0 0.0 65.0 65.0 30051.0 124838.0 19077.0 919373.0 5595.0 7824.0 473469.0 399484.0 9204.0 9204.0 399538.0 1189.0 5187.0 129.0 37.0,-lowerinvoke,opt -simple-loop-unswitch -constprop -loop-data-prefetch -loop-reroll -post-inline-ee-instrument -lower-guard-intrinsic -alignment-from-assumptions -globaldce -globalsplit -float2int -dce -nary-reassociate -instnamer -mergereturn -called-value-propagation -forceattrs -loop-deletion -bdce -gvn -loop-simplify -loop-data-prefetch -loop-simplify -lowerinvoke input.bc -o output.bc,0.0
benchmark://poj104-v0/29_1250,2876135.0 1290684.0 0.74 2092163.0 0.0 0.0 0.0 0.68 0.0 0.0 0.0 65.0 65.0 30051.0 124838.0 19077.0 919373.0 5595.0 7824.0 473469.0 399484.0 9204.0 9204.0 399538.0 1189.0 5187.0 129.0 37.0,2876135.0 1290684.0 0.74 2092163.0 0.0 0.0 0.0 0.68 0.0 0.0 0.0 65.0 65.0 30051.0 124838.0 19077.0 919373.0 5595.0 7824.0 473469.0 399484.0 9204.0 9204.0 399538.0 1189.0 5187.0 129.0 37.0,-simplifycfg,opt -simple-loop-unswitch -constprop -loop-data-prefetch -loop-reroll -post-inline-ee-instrument -lower-guard-intrinsic -alignment-from-assumptions -globaldce -globalsplit -float2int -dce -nary-reassociate -instnamer -mergereturn -called-value-propagation -forceattrs -loop-deletion -bdce -gvn -loop-simplify -loop-data-prefetch -loop-simplify -lowerinvoke -simplifycfg input.bc -o output.bc,0.0
benchmark://poj104-v0/6_1934,2876135.0 1290684.0 0.74 2092163.0 0.0 0.0 0.0 0.68 0.0 0.0 0.0 65.0 65.0 30051.0 124838.0 19077.0 919373.0 5595.0 7824.0 473469.0 399484.0 9204.0 9204.0 399538.0 1189.0 5187.0 129.0 37.0,117295953.0 35623383.0 35.08 351476456.0 0.0 0.0 1.0 34.88 0.0 0.0 0.0 70.0 70.0 36096.0 224987.0 97579.0 168229631.0 77435.0 9262.0 524079.0 67245236.0 30320.0 30320.0 67245344.0 1550.0 6408.0 135.0 72.0,-lower-expect,opt -simple-loop-unswitch -attributor -licm -loop-fusion -loop-simplify -indvars -libcalls-shrinkwrap -gvn -speculative-execution -lower-expect input.bc -o output.bc,0.0
benchmark://poj104-v0/6_1934,117295953.0 35623383.0 35.08 351476456.0 0.0 0.0 1.0 34.88 0.0 0.0 0.0 70.0 70.0 36096.0 224987.0 97579.0 168229631.0 77435.0 9262.0 524079.0 67245236.0 30320.0 30320.0 67245344.0 1550.0 6408.0 135.0 72.0,117295953.0 35623383.0 35.08 351476456.0 0.0 0.0 1.0 34.88 0.0 0.0 0.0 70.0 70.0 36096.0 224987.0 97579.0 168229631.0 77435.0 9262.0 524079.0 67245236.0 30320.0 30320.0 67245344.0 1550.0 6408.0 135.0 72.0,-guard-widening,opt -simple-loop-unswitch -attributor -licm -loop-fusion -loop-simplify -indvars -libcalls-shrinkwrap -gvn -speculative-execution -lower-expect -guard-widening input.bc -o output.bc,0.0
benchmark://poj104-v0/6_1934,117295953.0 35623383.0 35.08 351476456.0 0.0 0.0 1.0 34.88 0.0 0.0 0.0 70.0 70.0 36096.0 224987.0 97579.0 168229631.0 77435.0 9262.0 524079.0 67245236.0 30320.0 30320.0 67245344.0 1550.0 6408.0 135.0 72.0,117295953.0 35623383.0 35.08 351476456.0 0.0 0.0 1.0 34.88 0.0 0.0 0.0 70.0 70.0 36096.0 224987.0 97579.0 168229631.0 77435.0 9262.0 524079.0 67245236.0 30320.0 30320.0 67245344.0 1550.0 6408.0 135.0 72.0,-nary-reassociate,opt -simple-loop-unswitch -attributor -licm -loop-fusion -loop-simplify -indvars -libcalls-shrinkwrap -gvn -speculative-execution -lower-expect -guard-widening -lower-expect -nary-reassociate input.bc -o output.bc,0.0
benchmark://poj104-v0/6_1934,117295953.0 35623383.0 35.08 351476456.0 0.0 0.0 1.0 34.88 0.0 0.0 0.0 70.0 70.0 36096.0 224987.0 97579.0 168229631.0 77435.0 9262.0 524079.0 67245236.0 30320.0 30320.0 67245344.0 1550.0 6408.0 135.0 72.0,117295953.0 35623383.0 35.08 351476456.0 0.0 0.0 1.0 34.88 0.0 0.0 0.0 70.0 70.0 36096.0 224987.0 97579.0 168229631.0 77435.0 9262.0 524079.0 67245236.0 30320.0 30320.0 67245344.0 1550.0 6408.0 135.0 72.0,-loop-simplifycfg,opt -simple-loop-unswitch -attributor -licm -loop-fusion -loop-simplify -indvars -libcalls-shrinkwrap -gvn -speculative-execution -lower-expect -guard-widening -lower-expect -nary-reassociate -loop-simplifycfg input.bc -o output.bc,0.0
benchmark://poj104-v0/6_1934,117295953.0 35623383.0 35.08 351476456.0 0.0 0.0 1.0 34.88 0.0 0.0 0.0 70.0 70.0 36096.0 224987.0 97579.0 168229631.0 77435.0 9262.0 524079.0 67245236.0 30320.0 30320.0 67245344.0 1550.0 6408.0 135.0 72.0,116509375.0 35894826.0 35.34 351493529.0 0.0 0.0 1.0 34.83 0.0 0.0 0.0 70.0 70.0 40450.0 238804.0 100519.0 168241058.0 78951.0 9714.0 545908.0 67246229.0 31194.0 31194.0 67246337.0 1387.0 6230.0 126.0 40.0,-lowerswitch,opt -loop-idiom -gvn-hoist -ipconstprop -gvn -loop-simplifycfg -mergeicmps -correlated-propagation -loop-unswitch -lower-constant-intrinsics -loop-deletion -barrier -slsr -sccp -elim-avail-extern -insert-gcov-profiling -partial-inliner -indvars -loop-instsimplify -reassociate -loop-reroll -instcombine -functionattrs -ipsccp -lowerswitch input.bc -o output.bc,0.0
benchmark://poj104-v0/6_1934,116509375.0 35894826.0 35.34 351493529.0 0.0 0.0 1.0 34.83 0.0 0.0 0.0 70.0 70.0 40450.0 238804.0 100519.0 168241058.0 78951.0 9714.0 545908.0 67246229.0 31194.0 31194.0 67246337.0 1387.0 6230.0 126.0 40.0,116509375.0 35894826.0 35.34 351493529.0 0.0 0.0 1.0 34.83 0.0 0.0 0.0 70.0 70.0 40450.0 238804.0 100519.0 168241058.0 78951.0 9714.0 545908.0 67246229.0 31194.0 31194.0 67246337.0 1387.0 6230.0 126.0 40.0,-loop-unswitch,opt -loop-idiom -gvn-hoist -ipconstprop -gvn -loop-simplifycfg -mergeicmps -correlated-propagation -loop-unswitch -lower-constant-intrinsics -loop-deletion -barrier -slsr -sccp -elim-avail-extern -insert-gcov-profiling -partial-inliner -indvars -loop-instsimplify -reassociate -loop-reroll -instcombine -functionattrs -ipsccp -lowerswitch -loop-unswitch input.bc -o output.bc,0.0
benchmark://poj104-v0/6_1934,116509375.0 35894826.0 35.34 351493529.0 0.0 0.0 1.0 34.83 0.0 0.0 0.0 70.0 70.0 40450.0 238804.0 100519.0 168241058.0 78951.0 9714.0 545908.0 67246229.0 31194.0 31194.0 67246337.0 1387.0 6230.0 126.0 40.0,116509375.0 35894826.0 35.34 351493529.0 0.0 0.0 1.0 34.83 0.0 0.0 0.0 70.0 70.0 40450.0 238804.0 100519.0 168241058.0 78951.0 9714.0 545908.0 67246229.0 31194.0 31194.0 67246337.0 1387.0 6230.0 126.0 40.0,-dse,opt -loop-idiom -gvn-hoist -ipconstprop -gvn -loop-simplifycfg -mergeicmps -correlated-propagation -loop-unswitch -lower-constant-intrinsics -loop-deletion -barrier -slsr -sccp -elim-avail-extern -insert-gcov-profiling -partial-inliner -indvars -loop-instsimplify -reassociate -loop-reroll -instcombine -functionattrs -ipsccp -lowerswitch -loop-unswitch -lowerswitch -dse input.bc -o output.bc,0.0
benchmark://poj104-v0/6_1934,116509375.0 35894826.0 35.34 351493529.0 0.0 0.0 1.0 34.83 0.0 0.0 0.0 70.0 70.0 40450.0 238804.0 100519.0 168241058.0 78951.0 9714.0 545908.0 67246229.0 31194.0 31194.0 67246337.0 1387.0 6230.0 126.0 40.0,116509375.0 35894826.0 35.34 351493529.0 0.0 0.0 1.0 34.83 0.0 0.0 0.0 70.0 70.0 40450.0 238804.0 100519.0 168241058.0 78951.0 9714.0 545908.0 67246229.0 31194.0 31194.0 67246337.0 1387.0 6230.0 126.0 40.0,-early-cse-memssa,opt -loop-idiom -gvn-hoist -ipconstprop -gvn -loop-simplifycfg -mergeicmps -correlated-propagation -loop-unswitch -lower-constant-intrinsics -loop-deletion -barrier -slsr -sccp -elim-avail-extern -insert-gcov-profiling -partial-inliner -indvars -loop-instsimplify -reassociate -loop-reroll -instcombine -functionattrs -ipsccp -lowerswitch -loop-unswitch -lowerswitch -dse -early-cse-memssa input.bc -o output.bc,0.0
benchmark://poj104-v0/49_1387,116509375.0 35894826.0 35.34 351493529.0 0.0 0.0 1.0 34.83 0.0 0.0 0.0 70.0 70.0 40450.0 238804.0 100519.0 168241058.0 78951.0 9714.0 545908.0 67246229.0 31194.0 31194.0 67246337.0 1387.0 6230.0 126.0 40.0,2095407.0 1214443.0 0.55 1598755.0 0.0 0.0 0.0 0.52 0.0 0.0 0.0 60.0 60.0 25869.0 118111.0 16911.0 688381.0 4804.0 7308.0 414744.0 326514.0 8568.0 8569.0 326568.0 1222.0 4991.0 119.0 18.0,-sancov,opt -jump-threading -scalarizer -always-inline -redundant-dbg-inst-elim -loop-fusion -loop-simplify -lower-constant-intrinsics -strip-dead-prototypes -ipconstprop -functionattrs -constmerge -mldst-motion -inline -newgvn -sancov input.bc -o output.bc,0.0
benchmark://poj104-v0/49_1387,2095407.0 1214443.0 0.55 1598755.0 0.0 0.0 0.0 0.52 0.0 0.0 0.0 60.0 60.0 25869.0 118111.0 16911.0 688381.0 4804.0 7308.0 414744.0 326514.0 8568.0 8569.0 326568.0 1222.0 4991.0 119.0 18.0,1764994.0 1093642.0 0.55 1592393.0 0.0 0.0 0.0 0.53 0.0 0.0 0.0 60.0 60.0 26672.0 106646.0 16935.0 679936.0 5876.0 7397.0 415091.0 325570.0 8634.0 8634.0 325624.0 940.0 4955.0 116.0 13.0,-strip,opt -jump-threading -scalarizer -always-inline -redundant-dbg-inst-elim -loop-fusion -loop-simplify -lower-constant-intrinsics -strip-dead-prototypes -ipconstprop -functionattrs -constmerge -mldst-motion -inline -newgvn -sancov -strip input.bc -o output.bc,0.15768440212331064
benchmark://poj104-v0/49_1387,1764994.0 1093642.0 0.55 1592393.0 0.0 0.0 0.0 0.53 0.0 0.0 0.0 60.0 60.0 26672.0 106646.0 16935.0 679936.0 5876.0 7397.0 415091.0 325570.0 8634.0 8634.0 325624.0 940.0 4955.0 116.0 13.0,1909455.0 1232163.0 0.62 1596723.0 0.0 0.0 0.0 0.61 0.0 0.0 0.0 60.0 60.0 28641.0 122618.0 23233.0 687618.0 12813.0 7621.0 423108.0 327254.0 8878.0 8878.0 327308.0 1079.0 4911.0 113.0 19.0,-loop-deletion,opt -jump-threading -scalarizer -always-inline -redundant-dbg-inst-elim -loop-fusion -loop-simplify -lower-constant-intrinsics -strip-dead-prototypes -ipconstprop -functionattrs -constmerge -mldst-motion -inline -newgvn -sancov -strip -strip -loop-deletion input.bc -o output.bc,-0.08184787030437497
benchmark://poj104-v0/49_1387,1909455.0 1232163.0 0.62 1596723.0 0.0 0.0 0.0 0.61 0.0 0.0 0.0 60.0 60.0 28641.0 122618.0 23233.0 687618.0 12813.0 7621.0 423108.0 327254.0 8878.0 8878.0 327308.0 1079.0 4911.0 113.0 19.0,1909455.0 1232163.0 0.62 1596723.0 0.0 0.0 0.0 0.61 0.0 0.0 0.0 60.0 60.0 28641.0 122618.0 23233.0 687618.0 12813.0 7621.0 423108.0 327254.0 8878.0 8878.0 327308.0 1079.0 4911.0 113.0 19.0,-prune-eh,opt -jump-threading -scalarizer -always-inline -redundant-dbg-inst-elim -loop-fusion -loop-simplify -lower-constant-intrinsics -strip-dead-prototypes -ipconstprop -functionattrs -constmerge -mldst-motion -inline -newgvn -sancov -strip -strip -loop-deletion -prune-eh input.bc -o output.bc,0.0
benchmark://poj104-v0/49_1387,1909455.0 1232163.0 0.62 1596723.0 0.0 0.0 0.0 0.61 0.0 0.0 0.0 60.0 60.0 28641.0 122618.0 23233.0 687618.0 12813.0 7621.0 423108.0 327254.0 8878.0 8878.0 327308.0 1079.0 4911.0 113.0 19.0,2145496.0 1277773.0 0.56 1598094.0 0.0 0.0 0.0 0.53 0.0 0.0 0.0 60.0 60.0 22858.0 96989.0 18599.0 695182.0 7068.0 7405.0 422591.0 325405.0 8667.0 8667.0 325459.0 1031.0 5183.0 116.0 15.0,-callsite-splitting,opt -slp-vectorizer -partially-inline-libcalls -consthoist -irce -float2int -loop-guard-widening -lower-widenable-condition -mergefunc -libcalls-shrinkwrap -name-anon-globals -loop-sink -slsr -coro-split -reassociate -loop-vectorize -scalarizer -dse -loop-distribute -loop-versioning -lowerswitch -callsite-splitting input.bc -o output.bc,0.0
benchmark://poj104-v0/49_1387,2145496.0 1277773.0 0.56 1598094.0 0.0 0.0 0.0 0.53 0.0 0.0 0.0 60.0 60.0 22858.0 96989.0 18599.0 695182.0 7068.0 7405.0 422591.0 325405.0 8667.0 8667.0 325459.0 1031.0 5183.0 116.0 15.0,1829418.0 1011331.0 0.51 1598746.0 0.0 0.0 0.0 0.52 0.0 0.0 0.0 60.0 60.0 24446.0 101680.0 16828.0 680380.0 3660.0 7045.0 401929.0 326027.0 8876.0 8876.0 326081.0 1016.0 4697.0 110.0 14.0,-reg2mem,opt -slp-vectorizer -partially-inline-libcalls -consthoist -irce -float2int -loop-guard-widening -lower-widenable-condition -mergefunc -libcalls-shrinkwrap -name-anon-globals -loop-sink -slsr -coro-split -reassociate -loop-vectorize -scalarizer -dse -loop-distribute -loop-versioning -lowerswitch -callsite-splitting -reg2mem input.bc -o output.bc,0.14732164497160563
benchmark://poj104-v0/49_1387,1829418.0 1011331.0 0.51 1598746.0 0.0 0.0 0.0 0.52 0.0 0.0 0.0 60.0 60.0 24446.0 101680.0 16828.0 680380.0 3660.0 7045.0 401929.0 326027.0 8876.0 8876.0 326081.0 1016.0 4697.0 110.0 14.0,1718676.0 976821.0 0.48 1592817.0 0.0 0.0 0.0 0.52 0.0 0.0 0.0 60.0 60.0 24680.0 95621.0 16925.0 687648.0 5024.0 7036.0 413028.0 325150.0 7787.0 7787.0 325204.0 999.0 5179.0 119.0 25.0,-name-anon-globals,opt -slp-vectorizer -partially-inline-libcalls -consthoist -irce -float2int -loop-guard-widening -lower-widenable-condition -mergefunc -libcalls-shrinkwrap -name-anon-globals -loop-sink -slsr -coro-split -reassociate -loop-vectorize -scalarizer -dse -loop-distribute -loop-versioning -lowerswitch -callsite-splitting -reg2mem -reg2mem -name-anon-globals input.bc -o output.bc,0.06053400589695739
benchmark://poj104-v0/49_1387,1718676.0 976821.0 0.48 1592817.0 0.0 0.0 0.0 0.52 0.0 0.0 0.0 60.0 60.0 24680.0 95621.0 16925.0 687648.0 5024.0 7036.0 413028.0 325150.0 7787.0 7787.0 325204.0 999.0 5179.0 119.0 25.0,1761844.0 1092322.0 0.51 1592663.0 0.0 0.0 0.0 0.53 0.0 0.0 0.0 60.0 60.0 25712.0 99425.0 16906.0 686611.0 5123.0 7422.0 419401.0 326554.0 8801.0 8801.0 326608.0 1100.0 5359.0 117.0 26.0,-loop-load-elim,opt -slp-vectorizer -partially-inline-libcalls -consthoist -irce -float2int -loop-guard-widening -lower-widenable-condition -mergefunc -libcalls-shrinkwrap -name-anon-globals -loop-sink -slsr -coro-split -reassociate -loop-vectorize -scalarizer -dse -loop-distribute -loop-versioning -lowerswitch -callsite-splitting -reg2mem -reg2mem -name-anon-globals -loop-load-elim input.bc -o output.bc,-0.025117008674118913
benchmark://poj104-v0/22_958,1761844.0 1092322.0 0.51 1592663.0 0.0 0.0 0.0 0.53 0.0 0.0 0.0 60.0 60.0 25712.0 99425.0 16906.0 686611.0 5123.0 7422.0 419401.0 326554.0 8801.0 8801.0 326608.0 1100.0 5359.0 117.0 26.0,1711829.0 1088111.0 0.54 1608415.0 0.0 0.0 0.0 0.48 0.0 0.0 0.0 61.0 61.0 24903.0 96179.0 23168.0 689521.0 12855.0 7490.0 422512.0 328993.0 8532.0 8532.0 329047.0 1082.0 4902.0 119.0 21.0,-die,opt -simple-loop-unswitch -constprop -constmerge -dse -loop-unroll -ipsccp -loop-unswitch -loop-rotate -add-discriminators -argpromotion -loop-fusion -loop-vectorize -die input.bc -o output.bc,0.0
benchmark://poj104-v0/22_958,1711829.0 1088111.0 0.54 1608415.0 0.0 0.0 0.0 0.48 0.0 0.0 0.0 61.0 61.0 24903.0 96179.0 23168.0 689521.0 12855.0 7490.0 422512.0 328993.0 8532.0 8532.0 329047.0 1082.0 4902.0 119.0 21.0,1711829.0 1088111.0 0.54 1608415.0 0.0 0.0 0.0 0.48 0.0 0.0 0.0 61.0 61.0 24903.0 96179.0 23168.0 689521.0 12855.0 7490.0 422512.0 328993.0 8532.0 8532.0 329047.0 1082.0 4902.0 119.0 21.0,-gvn-hoist,opt -simple-loop-unswitch -constprop -constmerge -dse -loop-unroll -ipsccp -loop-unswitch -loop-rotate -add-discriminators -argpromotion -loop-fusion -loop-vectorize -die -gvn-hoist input.bc -o output.bc,0.0
benchmark://poj104-v0/22_958,1711829.0 1088111.0 0.54 1608415.0 0.0 0.0 0.0 0.48 0.0 0.0 0.0 61.0 61.0 24903.0 96179.0 23168.0 689521.0 12855.0 7490.0 422512.0 328993.0 8532.0 8532.0 329047.0 1082.0 4902.0 119.0 21.0,1711829.0 1088111.0 0.54 1608415.0 0.0 0.0 0.0 0.48 0.0 0.0 0.0 61.0 61.0 24903.0 96179.0 23168.0 689521.0 12855.0 7490.0 422512.0 328993.0 8532.0 8532.0 329047.0 1082.0 4902.0 119.0 21.0,-lowerinvoke,opt -simple-loop-unswitch -constprop -constmerge -dse -loop-unroll -ipsccp -loop-unswitch -loop-rotate -add-discriminators -argpromotion -loop-fusion -loop-vectorize -die -gvn-hoist -die -lowerinvoke input.bc -o output.bc,0.0
benchmark://poj104-v0/22_958,1711829.0 1088111.0 0.54 1608415.0 0.0 0.0 0.0 0.48 0.0 0.0 0.0 61.0 61.0 24903.0 96179.0 23168.0 689521.0 12855.0 7490.0 422512.0 328993.0 8532.0 8532.0 329047.0 1082.0 4902.0 119.0 21.0,1711829.0 1088111.0 0.54 1608415.0 0.0 0.0 0.0 0.48 0.0 0.0 0.0 61.0 61.0 24903.0 96179.0 23168.0 689521.0 12855.0 7490.0 422512.0 328993.0 8532.0 8532.0 329047.0 1082.0 4902.0 119.0 21.0,-rpo-functionattrs,opt -simple-loop-unswitch -constprop -constmerge -dse -loop-unroll -ipsccp -loop-unswitch -loop-rotate -add-discriminators -argpromotion -loop-fusion -loop-vectorize -die -gvn-hoist -die -lowerinvoke -rpo-functionattrs input.bc -o output.bc,0.0
benchmark://poj104-v0/22_958,1711829.0 1088111.0 0.54 1608415.0 0.0 0.0 0.0 0.48 0.0 0.0 0.0 61.0 61.0 24903.0 96179.0 23168.0 689521.0 12855.0 7490.0 422512.0 328993.0 8532.0 8532.0 329047.0 1082.0 4902.0 119.0 21.0,2305489.0 1184482.0 0.62 1606417.0 0.0 0.0 0.0 0.57 0.0 0.0 0.0 61.0 61.0 26191.0 101844.0 17235.0 693830.0 5003.0 7395.0 421525.0 328846.0 8382.0 8382.0 328900.0 1240.0 5255.0 116.0 30.0,-coro-split,opt -coro-early -speculative-execution -loop-versioning-licm -loop-predication -coro-split input.bc -o output.bc,0.0
benchmark://poj104-v0/22_958,2305489.0 1184482.0 0.62 1606417.0 0.0 0.0 0.0 0.57 0.0 0.0 0.0 61.0 61.0 26191.0 101844.0 17235.0 693830.0 5003.0 7395.0 421525.0 328846.0 8382.0 8382.0 328900.0 1240.0 5255.0 116.0 30.0,2305489.0 1184482.0 0.62 1606417.0 0.0 0.0 0.0 0.57 0.0 0.0 0.0 61.0 61.0 26191.0 101844.0 17235.0 693830.0 5003.0 7395.0 421525.0 328846.0 8382.0 8382.0 328900.0 1240.0 5255.0 116.0 30.0,-deadargelim,opt -coro-early -speculative-execution -loop-versioning-licm -loop-predication -coro-split -deadargelim input.bc -o output.bc,0.0
benchmark://poj104-v0/22_958,2305489.0 1184482.0 0.62 1606417.0 0.0 0.0 0.0 0.57 0.0 0.0 0.0 61.0 61.0 26191.0 101844.0 17235.0 693830.0 5003.0 7395.0 421525.0 328846.0 8382.0 8382.0 328900.0 1240.0 5255.0 116.0 30.0,2305489.0 1184482.0 0.62 1606417.0 0.0 0.0 0.0 0.57 0.0 0.0 0.0 61.0 61.0 26191.0 101844.0 17235.0 693830.0 5003.0 7395.0 421525.0 328846.0 8382.0 8382.0 328900.0 1240.0 5255.0 116.0 30.0,-loop-guard-widening,opt -coro-early -speculative-execution -loop-versioning-licm -loop-predication -coro-split -deadargelim -coro-split -loop-guard-widening input.bc -o output.bc,0.0
benchmark://poj104-v0/22_958,2305489.0 1184482.0 0.62 1606417.0 0.0 0.0 0.0 0.57 0.0 0.0 0.0 61.0 61.0 26191.0 101844.0 17235.0 693830.0 5003.0 7395.0 421525.0 328846.0 8382.0 8382.0 328900.0 1240.0 5255.0 116.0 30.0,2305489.0 1184482.0 0.62 1606417.0 0.0 0.0 0.0 0.57 0.0 0.0 0.0 61.0 61.0 26191.0 101844.0 17235.0 693830.0 5003.0 7395.0 421525.0 328846.0 8382.0 8382.0 328900.0 1240.0 5255.0 116.0 30.0,-mem2reg,opt -coro-early -speculative-execution -loop-versioning-licm -loop-predication -coro-split -deadargelim -coro-split -loop-guard-widening -mem2reg input.bc -o output.bc,0.0
benchmark://poj104-v0/29_659,2305489.0 1184482.0 0.62 1606417.0 0.0 0.0 0.0 0.57 0.0 0.0 0.0 61.0 61.0 26191.0 101844.0 17235.0 693830.0 5003.0 7395.0 421525.0 328846.0 8382.0 8382.0 328900.0 1240.0 5255.0 116.0 30.0,2153875.0 1278084.0 0.64 2034294.0 0.0 0.0 0.0 0.58 0.0 0.0 0.0 61.0 61.0 26661.0 96264.0 19011.0 875640.0 7396.0 7167.0 484187.0 406290.0 9424.0 9424.0 406344.0 982.0 4996.0 131.0 21.0,-reg2mem,opt -gvn-hoist -lower-widenable-condition -dse -consthoist -loop-fusion -deadargelim -loop-deletion -constprop -lower-expect -lower-constant-intrinsics -scalarizer -lower-guard-intrinsic -rewrite-statepoints-for-gc -add-discriminators -loop-guard-widening -globaldce -loop-rotate -aggressive-instcombine -always-inline -loop-unswitch -called-value-propagation -reg2mem input.bc -o output.bc,0.0
benchmark://poj104-v0/29_659,2153875.0 1278084.0 0.64 2034294.0 0.0 0.0 0.0 0.58 0.0 0.0 0.0 61.0 61.0 26661.0 96264.0 19011.0 875640.0 7396.0 7167.0 484187.0 406290.0 9424.0 9424.0 406344.0 982.0 4996.0 131.0 21.0,2153875.0 1278084.0 0.64 2034294.0 0.0 0.0 0.0 0.58 0.0 0.0 0.0 61.0 61.0 26661.0 96264.0 19011.0 875640.0 7396.0 7167.0 484187.0 406290.0 9424.0 9424.0 406344.0 982.0 4996.0 131.0 21.0,-loop-sink,opt -gvn-hoist -lower-widenable-condition -dse -consthoist -loop-fusion -deadargelim -loop-deletion -constprop -lower-expect -lower-constant-intrinsics -scalarizer -lower-guard-intrinsic -rewrite-statepoints-for-gc -add-discriminators -loop-guard-widening -globaldce -loop-rotate -aggressive-instcombine -always-inline -loop-unswitch -called-value-propagation -reg2mem -loop-sink input.bc -o output.bc,0.0
benchmark://poj104-v0/29_659,2153875.0 1278084.0 0.64 2034294.0 0.0 0.0 0.0 0.58 0.0 0.0 0.0 61.0 61.0 26661.0 96264.0 19011.0 875640.0 7396.0 7167.0 484187.0 406290.0 9424.0 9424.0 406344.0 982.0 4996.0 131.0 21.0,2153875.0 1278084.0 0.64 2034294.0 0.0 0.0 0.0 0.58 0.0 0.0 0.0 61.0 61.0 26661.0 96264.0 19011.0 875640.0 7396.0 7167.0 484187.0 406290.0 9424.0 9424.0 406344.0 982.0 4996.0 131.0 21.0,-consthoist,opt -gvn-hoist -lower-widenable-condition -dse -consthoist -loop-fusion -deadargelim -loop-deletion -constprop -lower-expect -lower-constant-intrinsics -scalarizer -lower-guard-intrinsic -rewrite-statepoints-for-gc -add-discriminators -loop-guard-widening -globaldce -loop-rotate -aggressive-instcombine -always-inline -loop-unswitch -called-value-propagation -reg2mem -loop-sink -reg2mem -consthoist input.bc -o output.bc,0.0
benchmark://poj104-v0/29_659,2153875.0 1278084.0 0.64 2034294.0 0.0 0.0 0.0 0.58 0.0 0.0 0.0 61.0 61.0 26661.0 96264.0 19011.0 875640.0 7396.0 7167.0 484187.0 406290.0 9424.0 9424.0 406344.0 982.0 4996.0 131.0 21.0,2153875.0 1278084.0 0.64 2034294.0 0.0 0.0 0.0 0.58 0.0 0.0 0.0 61.0 61.0 26661.0 96264.0 19011.0 875640.0 7396.0 7167.0 484187.0 406290.0 9424.0 9424.0 406344.0 982.0 4996.0 131.0 21.0,-mldst-motion,opt -gvn-hoist -lower-widenable-condition -dse -consthoist -loop-fusion -deadargelim -loop-deletion -constprop -lower-expect -lower-constant-intrinsics -scalarizer -lower-guard-intrinsic -rewrite-statepoints-for-gc -add-discriminators -loop-guard-widening -globaldce -loop-rotate -aggressive-instcombine -always-inline -loop-unswitch -called-value-propagation -reg2mem -loop-sink -reg2mem -consthoist -mldst-motion input.bc -o output.bc,0.0
benchmark://poj104-v0/29_659,2153875.0 1278084.0 0.64 2034294.0 0.0 0.0 0.0 0.58 0.0 0.0 0.0 61.0 61.0 26661.0 96264.0 19011.0 875640.0 7396.0 7167.0 484187.0 406290.0 9424.0 9424.0 406344.0 982.0 4996.0 131.0 21.0,1800895.0 1138552.0 0.61 2034375.0 0.0 0.0 0.0 0.65 0.0 0.0 0.0 61.0 61.0 26655.0 99225.0 17641.0 878613.0 5680.0 7861.0 488691.0 407037.0 9560.0 9560.0 407091.0 1044.0 5011.0 133.0 28.0,-lcssa,opt -memcpyopt -div-rem-pairs -loop-fusion -canonicalize-aliases -inferattrs -pgo-memop-opt -post-inline-ee-instrument -aggressive-instcombine -float2int -lowerinvoke -called-value-propagation -scalarizer -lower-widenable-condition -name-anon-globals -elim-avail-extern -coro-elide -reassociate -loop-unroll-and-jam -early-cse-memssa -coro-cleanup -constprop -prune-eh -partially-inline-libcalls -separate-const-offset-from-gep -cross-dso-cfi -loop-vectorize -ipconstprop -redundant-dbg-inst-elim -inject-tli-mappings -lcssa input.bc -o output.bc,0.0
benchmark://poj104-v0/29_659,1800895.0 1138552.0 0.61 2034375.0 0.0 0.0 0.0 0.65 0.0 0.0 0.0 61.0 61.0 26655.0 99225.0 17641.0 878613.0 5680.0 7861.0 488691.0 407037.0 9560.0 9560.0 407091.0 1044.0 5011.0 133.0 28.0,1800895.0 1138552.0 0.61 2034375.0 0.0 0.0 0.0 0.65 0.0 0.0 0.0 61.0 61.0 26655.0 99225.0 17641.0 878613.0 5680.0 7861.0 488691.0 407037.0 9560.0 9560.0 407091.0 1044.0 5011.0 133.0 28.0,-rewrite-statepoints-for-gc,opt -memcpyopt -div-rem-pairs -loop-fusion -canonicalize-aliases -inferattrs -pgo-memop-opt -post-inline-ee-instrument -aggressive-instcombine -float2int -lowerinvoke -called-value-propagation -scalarizer -lower-widenable-condition -name-anon-globals -elim-avail-extern -coro-elide -reassociate -loop-unroll-and-jam -early-cse-memssa -coro-cleanup -constprop -prune-eh -partially-inline-libcalls -separate-const-offset-from-gep -cross-dso-cfi -loop-vectorize -ipconstprop -redundant-dbg-inst-elim -inject-tli-mappings -lcssa -rewrite-statepoints-for-gc input.bc -o output.bc,0.0
benchmark://poj104-v0/29_659,1800895.0 1138552.0 0.61 2034375.0 0.0 0.0 0.0 0.65 0.0 0.0 0.0 61.0 61.0 26655.0 99225.0 17641.0 878613.0 5680.0 7861.0 488691.0 407037.0 9560.0 9560.0 407091.0 1044.0 5011.0 133.0 28.0,1800895.0 1138552.0 0.61 2034375.0 0.0 0.0 0.0 0.65 0.0 0.0 0.0 61.0 61.0 26655.0 99225.0 17641.0 878613.0 5680.0 7861.0 488691.0 407037.0 9560.0 9560.0 407091.0 1044.0 5011.0 133.0 28.0,-loweratomic,opt -memcpyopt -div-rem-pairs -loop-fusion -canonicalize-aliases -inferattrs -pgo-memop-opt -post-inline-ee-instrument -aggressive-instcombine -float2int -lowerinvoke -called-value-propagation -scalarizer -lower-widenable-condition -name-anon-globals -elim-avail-extern -coro-elide -reassociate -loop-unroll-and-jam -early-cse-memssa -coro-cleanup -constprop -prune-eh -partially-inline-libcalls -separate-const-offset-from-gep -cross-dso-cfi -loop-vectorize -ipconstprop -redundant-dbg-inst-elim -inject-tli-mappings -lcssa -rewrite-statepoints-for-gc -lcssa -loweratomic input.bc -o output.bc,0.0
benchmark://poj104-v0/29_659,1800895.0 1138552.0 0.61 2034375.0 0.0 0.0 0.0 0.65 0.0 0.0 0.0 61.0 61.0 26655.0 99225.0 17641.0 878613.0 5680.0 7861.0 488691.0 407037.0 9560.0 9560.0 407091.0 1044.0 5011.0 133.0 28.0,1800895.0 1138552.0 0.61 2034375.0 0.0 0.0 0.0 0.65 0.0 0.0 0.0 61.0 61.0 26655.0 99225.0 17641.0 878613.0 5680.0 7861.0 488691.0 407037.0 9560.0 9560.0 407091.0 1044.0 5011.0 133.0 28.0,-ipsccp,opt -memcpyopt -div-rem-pairs -loop-fusion -canonicalize-aliases -inferattrs -pgo-memop-opt -post-inline-ee-instrument -aggressive-instcombine -float2int -lowerinvoke -called-value-propagation -scalarizer -lower-widenable-condition -name-anon-globals -elim-avail-extern -coro-elide -reassociate -loop-unroll-and-jam -early-cse-memssa -coro-cleanup -constprop -prune-eh -partially-inline-libcalls -separate-const-offset-from-gep -cross-dso-cfi -loop-vectorize -ipconstprop -redundant-dbg-inst-elim -inject-tli-mappings -lcssa -rewrite-statepoints-for-gc -lcssa -loweratomic -ipsccp input.bc -o output.bc,0.0
